{
    "rmse": 0.7639465933342426,
    "mae": 0.637102654375839,
    "r2": 0.04909109466777528
}