{
    "rmse": 0.8273117212685458,
    "mae": 0.678586600940952,
    "r2": 0.01769626615718989
}